{"cameraMode":{"drawMode":0,"name":"Shaded","section":"Shading Mode"},"sceneLighting":true,"audioPlay":false,"sceneViewState":{"m_AlwaysRefresh":false,"showFog":true,"showSkybox":true,"showFlares":true,"showImageEffects":true,"showParticleSystems":true,"showVisualEffectGraphs":true,"m_FxEnabled":true},"in2DMode":false,"pivot":{"x":17.324893951416017,"y":0.7478017807006836,"z":104.07059478759766},"rotation":{"x":0.05967056006193161,"y":0.31888335943222048,"z":-0.020084192976355554,"w":0.94573974609375},"size":28.852893829345704,"orthographic":false}