{"cameraMode":{"drawMode":0,"name":"Shaded","section":"Shading Mode"},"sceneLighting":true,"audioPlay":false,"sceneViewState":{"m_AlwaysRefresh":false,"showFog":true,"showSkybox":true,"showFlares":true,"showImageEffects":true,"showParticleSystems":true,"showVisualEffectGraphs":true,"m_FxEnabled":true},"in2DMode":false,"pivot":{"x":-1.6914050579071046,"y":3.8910861015319826,"z":-3.5791988372802736},"rotation":{"x":0.10180075466632843,"y":-0.02267000824213028,"z":0.002327722031623125,"w":0.9945956468582153},"size":5.013695240020752,"orthographic":false}