{"cameraMode":{"drawMode":0,"name":"Shaded","section":"Shading Mode"},"sceneLighting":true,"audioPlay":false,"sceneViewState":{"m_AlwaysRefresh":false,"showFog":true,"showSkybox":true,"showFlares":true,"showImageEffects":true,"showParticleSystems":true,"showVisualEffectGraphs":true,"m_FxEnabled":true},"in2DMode":false,"pivot":{"x":24.107013702392579,"y":-8.810100555419922,"z":38.16913986206055},"rotation":{"x":0.11636476218700409,"y":0.7561500072479248,"z":-0.13992267847061158,"w":0.6286468505859375},"size":28.852893829345704,"orthographic":false}