{"cameraMode":{"drawMode":0,"name":"Shaded","section":"Shading Mode"},"sceneLighting":true,"audioPlay":false,"sceneViewState":{"m_AlwaysRefresh":false,"showFog":true,"showSkybox":true,"showFlares":true,"showImageEffects":true,"showParticleSystems":true,"showVisualEffectGraphs":true,"m_FxEnabled":true},"in2DMode":false,"pivot":{"x":12.005245208740235,"y":-3.731766939163208,"z":31.398900985717775},"rotation":{"x":0.10010955482721329,"y":0.18222402036190034,"z":-0.018619049340486528,"w":0.9780086278915405},"size":28.852893829345704,"orthographic":false}